,Random Forest,XGBoost
RMSE,500.5450233121026,493.8606027420417
MAE,333.89391913836045,349.47259310518643
R2,0.9941102072896086,0.994266464855379
MAPE,1.062432742315843,1.1184621848553895
